<?xml version="1.0" ?>
<kmc version="(0, 2)">
    <meta author="Max J. Hoffmann" debug="0" email="mjhoffmann@gmail.com" model_dimension="2" model_name="crowded"/>
    <species_list default_species="empty">
        <species color="#ff0000" name="CO" representation="Atoms(symbols='CO',           pbc=np.array([False, False, False], dtype=bool),           cell=np.array(       [[ 10.,   0.,   0.],        [  0.,  10.,   0.],        [  0.,   0.,  10.]]),           positions=np.array(       [[  2.79993974e-20,  -7.97587347e-19,   7.19809738e-02],        [ -3.91814225e-18,   2.21439140e-19,   1.12801903e+00]]))" tags=""/>
        <species color="#ff0000" name="H4C" representation="Atoms(symbols='CH4',           pbc=np.array([False, False, False], dtype=bool),           cell=np.array(       [[ 1.,  0.,  0.],        [ 0.,  1.,  0.],        [ 0.,  0.,  1.]]),           positions=np.array(       [[ -2.14226753e+00,   3.03166008e+00,   8.93648788e-04],        [ -9.91797228e-01,   3.03112732e+00,  -2.11077964e-05],        [ -2.52679933e+00,   4.11596517e+00,  -2.11004823e-05],        [ -2.54104085e+00,   2.46740801e+00,   9.20775615e-01],        [ -2.52053506e+00,   2.49642942e+00,  -9.44997055e-01]]))" tags=""/>
        <species color="#ff0000" name="O" representation="Atoms(symbols='O',           pbc=np.array([False, False, False], dtype=bool),           cell=np.array(       [[ 10.,   0.,   0.],        [  0.,  10.,   0.],        [  0.,   0.,  10.]]),           positions=np.array(       [[ 0.,  0.,  0.]]))" tags=""/>
        <species color="#ff0000" name="ON" representation="Atoms(symbols='NO',           pbc=np.array([False, False, False], dtype=bool),           cell=np.array(       [[ 10.,   0.,   0.],        [  0.,  10.,   0.],        [  0.,   0.,  10.]]),           positions=np.array(       [[  0.00000000e+00,   0.00000000e+00,   7.02378583e-02],        [  2.86446771e-19,  -1.96631971e-20,   1.12976214e+00]]))" tags=""/>
        <species color="#ffffff" name="empty" representation="" tags=""/>
    </species_list>
    <parameter_list>
        <parameter adjustable="False" max="0.0" min="0.0" name="E_CH4_desorption" scale="linear" value="0.800"/>
        <parameter adjustable="False" max="0.0" min="0.0" name="E_CO_bridge_1" scale="linear" value="-0.449"/>
        <parameter adjustable="False" max="0.0" min="0.0" name="E_CO_bridge_2" scale="linear" value="-0.449"/>
        <parameter adjustable="False" max="0.0" min="0.0" name="E_CO_desorption" scale="linear" value="0.800"/>
        <parameter adjustable="False" max="0.0" min="0.0" name="E_CO_hollow4_6" scale="linear" value="-0.616"/>
        <parameter adjustable="False" max="0.0" min="0.0" name="E_CO_oxidation" scale="linear" value="0.800"/>
        <parameter adjustable="False" max="0.0" min="0.0" name="E_CO_top_0" scale="linear" value="-0.341"/>
        <parameter adjustable="False" max="0.0" min="0.0" name="E_H4C_bridge_1" scale="linear" value="-1.995"/>
        <parameter adjustable="False" max="0.0" min="0.0" name="E_H4C_bridge_2" scale="linear" value="-1.995"/>
        <parameter adjustable="False" max="0.0" min="0.0" name="E_H4C_hollow4_6" scale="linear" value="-1.996"/>
        <parameter adjustable="False" max="0.0" min="0.0" name="E_H4C_top_0" scale="linear" value="-1.997"/>
        <parameter adjustable="False" max="0.0" min="0.0" name="E_NO_desorption" scale="linear" value="0.800"/>
        <parameter adjustable="False" max="0.0" min="0.0" name="E_ON_bridge_1" scale="linear" value="-0.518"/>
        <parameter adjustable="False" max="0.0" min="0.0" name="E_ON_bridge_2" scale="linear" value="-0.518"/>
        <parameter adjustable="False" max="0.0" min="0.0" name="E_ON_hollow4_6" scale="linear" value="-0.652"/>
        <parameter adjustable="False" max="0.0" min="0.0" name="E_ON_top_0" scale="linear" value="-0.424"/>
        <parameter adjustable="False" max="0.0" min="0.0" name="E_O_bridge_1" scale="linear" value="-4.589"/>
        <parameter adjustable="False" max="0.0" min="0.0" name="E_O_bridge_2" scale="linear" value="-4.589"/>
        <parameter adjustable="False" max="0.0" min="0.0" name="E_O_hollow4_6" scale="linear" value="-4.715"/>
        <parameter adjustable="False" max="0.0" min="0.0" name="E_O_top_0" scale="linear" value="-4.478"/>
        <parameter adjustable="True" max="800.0" min="300.0" name="T" scale="linear" value="600"/>
        <parameter adjustable="False" max="0.0" min="0.0" name="m_CO" scale="linear" value="28.0104"/>
        <parameter adjustable="False" max="0.0" min="0.0" name="m_CO2" scale="linear" value="44.0098"/>
        <parameter adjustable="False" max="0.0" min="0.0" name="m_H4C" scale="linear" value="16.04276"/>
        <parameter adjustable="False" max="0.0" min="0.0" name="m_ON" scale="linear" value="30.0061"/>
        <parameter adjustable="True" max="10.0" min="0.01" name="p_CO" scale="linear" value="1.0"/>
        <parameter adjustable="True" max="10.0" min="0.01" name="p_CO2" scale="linear" value="1.0"/>
        <parameter adjustable="True" max="10.0" min="0.01" name="p_H4C" scale="linear" value="1.0"/>
        <parameter adjustable="True" max="10.0" min="0.01" name="p_ON" scale="linear" value="1.0"/>
    </parameter_list>
    <lattice cell_size="2.75064538 0.0 0.0 0.0 2.75064538 0.0 0.0 0.0 11.945" default_layer="default" representation="[Atoms(symbols='Pd2',
          pbc=np.array([ True,  True, False], dtype=bool),
          cell=np.array(
      [[  2.75064538,   0.        ,   0.        ],
       [  0.        ,   2.75064538,   0.        ],
       [  0.        ,   0.        ,  11.945     ]]),
          scaled_positions=np.array(
      [[0.5, 0.5, 0.42340348848890746], [0.0, 0.0, 0.57659651151109248]]),
),]" substrate_layer="default">
        <layer color="#ffffff" name="default">
            <site default_species="empty" pos="0.0 0.0 0.706990372541" tags="" type="top_0"/>
            <site default_species="empty" pos="0.0 0.5 0.706990372541" tags="" type="bridge_1"/>
            <site default_species="empty" pos="0.5 0.0 0.706990372541" tags="" type="bridge_2"/>
            <site default_species="empty" pos="0.5 0.5 0.706990372541" tags="" type="hollow4_6"/>
        </layer>
    </lattice>
    <process_list>
        <process enabled="True" name="CH4_adsorption_0016" rate_constant="p_H4C*1e-19*bar/sqrt(2*pi*umass*m_H4C*kboltzmann*T)">
            <condition coord_layer="default" coord_name="top_0" coord_offset="0 0 0" species="empty"/>
            <action coord_layer="default" coord_name="top_0" coord_offset="0 0 0" species="H4C"/>
        </process>
        <process enabled="True" name="CH4_adsorption_0017" rate_constant="p_H4C*1e-19*bar/sqrt(2*pi*umass*m_H4C*kboltzmann*T)">
            <condition coord_layer="default" coord_name="bridge_1" coord_offset="0 0 0" species="empty"/>
            <action coord_layer="default" coord_name="bridge_1" coord_offset="0 0 0" species="H4C"/>
        </process>
        <process enabled="True" name="CH4_adsorption_0018" rate_constant="p_H4C*1e-19*bar/sqrt(2*pi*umass*m_H4C*kboltzmann*T)">
            <condition coord_layer="default" coord_name="bridge_2" coord_offset="0 0 0" species="empty"/>
            <action coord_layer="default" coord_name="bridge_2" coord_offset="0 0 0" species="H4C"/>
        </process>
        <process enabled="True" name="CH4_adsorption_0019" rate_constant="p_H4C*1e-19*bar/sqrt(2*pi*umass*m_H4C*kboltzmann*T)">
            <condition coord_layer="default" coord_name="hollow4_6" coord_offset="0 0 0" species="empty"/>
            <action coord_layer="default" coord_name="hollow4_6" coord_offset="0 0 0" species="H4C"/>
        </process>
        <process enabled="True" name="CH4_desorption_0020" rate_constant="p_H4C*1e-19/sqrt(2*pi*umass*m_H4C*kboltzmann*T)*exp((E_H4C_top_0)*eV/(kboltzmann*T))">
            <condition coord_layer="default" coord_name="top_0" coord_offset="0 0 0" species="H4C"/>
            <action coord_layer="default" coord_name="top_0" coord_offset="0 0 0" species="empty"/>
        </process>
        <process enabled="True" name="CH4_desorption_0021" rate_constant="p_H4C*1e-19/sqrt(2*pi*umass*m_H4C*kboltzmann*T)*exp((E_H4C_bridge_1)*eV/(kboltzmann*T))">
            <condition coord_layer="default" coord_name="bridge_1" coord_offset="0 0 0" species="H4C"/>
            <action coord_layer="default" coord_name="bridge_1" coord_offset="0 0 0" species="empty"/>
        </process>
        <process enabled="True" name="CH4_desorption_0022" rate_constant="p_H4C*1e-19/sqrt(2*pi*umass*m_H4C*kboltzmann*T)*exp((E_H4C_bridge_2)*eV/(kboltzmann*T))">
            <condition coord_layer="default" coord_name="bridge_2" coord_offset="0 0 0" species="H4C"/>
            <action coord_layer="default" coord_name="bridge_2" coord_offset="0 0 0" species="empty"/>
        </process>
        <process enabled="True" name="CH4_desorption_0023" rate_constant="p_H4C*1e-19/sqrt(2*pi*umass*m_H4C*kboltzmann*T)*exp((E_H4C_hollow4_6)*eV/(kboltzmann*T))">
            <condition coord_layer="default" coord_name="hollow4_6" coord_offset="0 0 0" species="H4C"/>
            <action coord_layer="default" coord_name="hollow4_6" coord_offset="0 0 0" species="empty"/>
        </process>
        <process enabled="True" name="CO_adsorption_0000" rate_constant="p_CO*1e-19*bar/sqrt(2*pi*umass*m_CO*kboltzmann*T)">
            <condition coord_layer="default" coord_name="hollow4_6" coord_offset="0 0 0" species="empty"/>
            <action coord_layer="default" coord_name="hollow4_6" coord_offset="0 0 0" species="CO"/>
        </process>
        <process enabled="True" name="CO_adsorption_0001" rate_constant="p_CO*1e-19*bar/sqrt(2*pi*umass*m_CO*kboltzmann*T)">
            <condition coord_layer="default" coord_name="top_0" coord_offset="0 0 0" species="empty"/>
            <action coord_layer="default" coord_name="top_0" coord_offset="0 0 0" species="CO"/>
        </process>
        <process enabled="True" name="CO_adsorption_0002" rate_constant="p_CO*1e-19*bar/sqrt(2*pi*umass*m_CO*kboltzmann*T)">
            <condition coord_layer="default" coord_name="bridge_1" coord_offset="0 0 0" species="empty"/>
            <action coord_layer="default" coord_name="bridge_1" coord_offset="0 0 0" species="CO"/>
        </process>
        <process enabled="True" name="CO_adsorption_0003" rate_constant="p_CO*1e-19*bar/sqrt(2*pi*umass*m_CO*kboltzmann*T)">
            <condition coord_layer="default" coord_name="bridge_2" coord_offset="0 0 0" species="empty"/>
            <action coord_layer="default" coord_name="bridge_2" coord_offset="0 0 0" species="CO"/>
        </process>
        <process enabled="True" name="CO_desorption_0004" rate_constant="p_CO*1e-19/sqrt(2*pi*umass*m_CO*kboltzmann*T)*exp((E_CO_hollow4_6)*eV/(kboltzmann*T))">
            <condition coord_layer="default" coord_name="hollow4_6" coord_offset="0 0 0" species="CO"/>
            <action coord_layer="default" coord_name="hollow4_6" coord_offset="0 0 0" species="empty"/>
        </process>
        <process enabled="True" name="CO_desorption_0005" rate_constant="p_CO*1e-19/sqrt(2*pi*umass*m_CO*kboltzmann*T)*exp((E_CO_bridge_1)*eV/(kboltzmann*T))">
            <condition coord_layer="default" coord_name="bridge_1" coord_offset="0 0 0" species="CO"/>
            <action coord_layer="default" coord_name="bridge_1" coord_offset="0 0 0" species="empty"/>
        </process>
        <process enabled="True" name="CO_desorption_0006" rate_constant="p_CO*1e-19/sqrt(2*pi*umass*m_CO*kboltzmann*T)*exp((E_CO_bridge_2)*eV/(kboltzmann*T))">
            <condition coord_layer="default" coord_name="bridge_2" coord_offset="0 0 0" species="CO"/>
            <action coord_layer="default" coord_name="bridge_2" coord_offset="0 0 0" species="empty"/>
        </process>
        <process enabled="True" name="CO_desorption_0007" rate_constant="p_CO*1e-19/sqrt(2*pi*umass*m_CO*kboltzmann*T)*exp((E_CO_top_0)*eV/(kboltzmann*T))">
            <condition coord_layer="default" coord_name="top_0" coord_offset="0 0 0" species="CO"/>
            <action coord_layer="default" coord_name="top_0" coord_offset="0 0 0" species="empty"/>
        </process>
        <process enabled="True" name="CO_oxidation_0024" rate_constant="(kboltzmann*T/h)*exp(-E_CO_oxidation*eV/(kboltzmann*T))" tof_count="{'CO_Ox': 1}">
            <condition coord_layer="default" coord_name="top_0" coord_offset="0 0 0" species="CO"/>
            <condition coord_layer="default" coord_name="hollow4_6" coord_offset="-1 -1 0" species="O"/>
            <action coord_layer="default" coord_name="top_0" coord_offset="0 0 0" species="empty"/>
            <action coord_layer="default" coord_name="hollow4_6" coord_offset="-1 -1 0" species="empty"/>
        </process>
        <process enabled="True" name="CO_oxidation_0025" rate_constant="(kboltzmann*T/h)*exp(-E_CO_oxidation*eV/(kboltzmann*T))" tof_count="{'CO_Ox': 1}">
            <condition coord_layer="default" coord_name="bridge_1" coord_offset="0 0 0" species="CO"/>
            <condition coord_layer="default" coord_name="bridge_1" coord_offset="-1 0 0" species="O"/>
            <action coord_layer="default" coord_name="bridge_1" coord_offset="0 0 0" species="empty"/>
            <action coord_layer="default" coord_name="bridge_1" coord_offset="-1 0 0" species="empty"/>
        </process>
        <process enabled="True" name="CO_oxidation_0026" rate_constant="(kboltzmann*T/h)*exp(-E_CO_oxidation*eV/(kboltzmann*T))" tof_count="{'CO_Ox': 1}">
            <condition coord_layer="default" coord_name="bridge_2" coord_offset="0 0 0" species="CO"/>
            <condition coord_layer="default" coord_name="bridge_2" coord_offset="0 -1 0" species="O"/>
            <action coord_layer="default" coord_name="bridge_2" coord_offset="0 0 0" species="empty"/>
            <action coord_layer="default" coord_name="bridge_2" coord_offset="0 -1 0" species="empty"/>
        </process>
        <process enabled="True" name="CO_oxidation_0027" rate_constant="(kboltzmann*T/h)*exp(-E_CO_oxidation*eV/(kboltzmann*T))" tof_count="{'CO_Ox': 1}">
            <condition coord_layer="default" coord_name="bridge_1" coord_offset="0 0 0" species="CO"/>
            <condition coord_layer="default" coord_name="hollow4_6" coord_offset="-1 -1 0" species="O"/>
            <action coord_layer="default" coord_name="bridge_1" coord_offset="0 0 0" species="empty"/>
            <action coord_layer="default" coord_name="hollow4_6" coord_offset="-1 -1 0" species="empty"/>
        </process>
        <process enabled="True" name="CO_oxidation_0028" rate_constant="(kboltzmann*T/h)*exp(-E_CO_oxidation*eV/(kboltzmann*T))" tof_count="{'CO_Ox': 1}">
            <condition coord_layer="default" coord_name="bridge_2" coord_offset="0 0 0" species="CO"/>
            <condition coord_layer="default" coord_name="hollow4_6" coord_offset="-1 -1 0" species="O"/>
            <action coord_layer="default" coord_name="bridge_2" coord_offset="0 0 0" species="empty"/>
            <action coord_layer="default" coord_name="hollow4_6" coord_offset="-1 -1 0" species="empty"/>
        </process>
        <process enabled="True" name="CO_oxidation_0029" rate_constant="(kboltzmann*T/h)*exp(-E_CO_oxidation*eV/(kboltzmann*T))" tof_count="{'CO_Ox': 1}">
            <condition coord_layer="default" coord_name="top_0" coord_offset="0 0 0" species="CO"/>
            <condition coord_layer="default" coord_name="bridge_1" coord_offset="-1 0 0" species="O"/>
            <action coord_layer="default" coord_name="top_0" coord_offset="0 0 0" species="empty"/>
            <action coord_layer="default" coord_name="bridge_1" coord_offset="-1 0 0" species="empty"/>
        </process>
        <process enabled="True" name="CO_oxidation_0030" rate_constant="(kboltzmann*T/h)*exp(-E_CO_oxidation*eV/(kboltzmann*T))" tof_count="{'CO_Ox': 1}">
            <condition coord_layer="default" coord_name="top_0" coord_offset="0 0 0" species="CO"/>
            <condition coord_layer="default" coord_name="bridge_2" coord_offset="0 -1 0" species="O"/>
            <action coord_layer="default" coord_name="top_0" coord_offset="0 0 0" species="empty"/>
            <action coord_layer="default" coord_name="bridge_2" coord_offset="0 -1 0" species="empty"/>
        </process>
        <process enabled="True" name="CO_oxidation_0031" rate_constant="(kboltzmann*T/h)*exp(-E_CO_oxidation*eV/(kboltzmann*T))" tof_count="{'CO_Ox': 1}">
            <condition coord_layer="default" coord_name="hollow4_6" coord_offset="0 0 0" species="CO"/>
            <condition coord_layer="default" coord_name="hollow4_6" coord_offset="-1 -1 0" species="O"/>
            <action coord_layer="default" coord_name="hollow4_6" coord_offset="0 0 0" species="empty"/>
            <action coord_layer="default" coord_name="hollow4_6" coord_offset="-1 -1 0" species="empty"/>
        </process>
        <process enabled="True" name="CO_oxidation_0032" rate_constant="(kboltzmann*T/h)*exp(-E_CO_oxidation*eV/(kboltzmann*T))" tof_count="{'CO_Ox': 1}">
            <condition coord_layer="default" coord_name="top_0" coord_offset="0 0 0" species="CO"/>
            <condition coord_layer="default" coord_name="top_0" coord_offset="1 -1 0" species="O"/>
            <action coord_layer="default" coord_name="top_0" coord_offset="0 0 0" species="empty"/>
            <action coord_layer="default" coord_name="top_0" coord_offset="1 -1 0" species="empty"/>
        </process>
        <process enabled="True" name="CO_oxidation_0033" rate_constant="(kboltzmann*T/h)*exp(-E_CO_oxidation*eV/(kboltzmann*T))" tof_count="{'CO_Ox': 1}">
            <condition coord_layer="default" coord_name="hollow4_6" coord_offset="0 0 0" species="CO"/>
            <condition coord_layer="default" coord_name="bridge_1" coord_offset="-1 0 0" species="O"/>
            <action coord_layer="default" coord_name="hollow4_6" coord_offset="0 0 0" species="empty"/>
            <action coord_layer="default" coord_name="bridge_1" coord_offset="-1 0 0" species="empty"/>
        </process>
        <process enabled="True" name="CO_oxidation_0034" rate_constant="(kboltzmann*T/h)*exp(-E_CO_oxidation*eV/(kboltzmann*T))" tof_count="{'CO_Ox': 1}">
            <condition coord_layer="default" coord_name="hollow4_6" coord_offset="0 0 0" species="CO"/>
            <condition coord_layer="default" coord_name="bridge_2" coord_offset="0 -1 0" species="O"/>
            <action coord_layer="default" coord_name="hollow4_6" coord_offset="0 0 0" species="empty"/>
            <action coord_layer="default" coord_name="bridge_2" coord_offset="0 -1 0" species="empty"/>
        </process>
        <process enabled="True" name="CO_oxidation_0035" rate_constant="(kboltzmann*T/h)*exp(-E_CO_oxidation*eV/(kboltzmann*T))" tof_count="{'CO_Ox': 1}">
            <condition coord_layer="default" coord_name="hollow4_6" coord_offset="0 0 0" species="CO"/>
            <condition coord_layer="default" coord_name="top_0" coord_offset="1 -1 0" species="O"/>
            <action coord_layer="default" coord_name="hollow4_6" coord_offset="0 0 0" species="empty"/>
            <action coord_layer="default" coord_name="top_0" coord_offset="1 -1 0" species="empty"/>
        </process>
        <process enabled="True" name="CO_oxidation_0036" rate_constant="(kboltzmann*T/h)*exp(-E_CO_oxidation*eV/(kboltzmann*T))" tof_count="{'CO_Ox': 1}">
            <condition coord_layer="default" coord_name="bridge_1" coord_offset="0 0 0" species="CO"/>
            <condition coord_layer="default" coord_name="top_0" coord_offset="1 -1 0" species="O"/>
            <action coord_layer="default" coord_name="bridge_1" coord_offset="0 0 0" species="empty"/>
            <action coord_layer="default" coord_name="top_0" coord_offset="1 -1 0" species="empty"/>
        </process>
        <process enabled="True" name="CO_oxidation_0037" rate_constant="(kboltzmann*T/h)*exp(-E_CO_oxidation*eV/(kboltzmann*T))" tof_count="{'CO_Ox': 1}">
            <condition coord_layer="default" coord_name="bridge_2" coord_offset="0 0 0" species="CO"/>
            <condition coord_layer="default" coord_name="top_0" coord_offset="-1 1 0" species="O"/>
            <action coord_layer="default" coord_name="bridge_2" coord_offset="0 0 0" species="empty"/>
            <action coord_layer="default" coord_name="top_0" coord_offset="-1 1 0" species="empty"/>
        </process>
        <process enabled="True" name="NO_adsorption_0008" rate_constant="p_ON*1e-19*bar/sqrt(2*pi*umass*m_ON*kboltzmann*T)">
            <condition coord_layer="default" coord_name="top_0" coord_offset="0 0 0" species="empty"/>
            <action coord_layer="default" coord_name="top_0" coord_offset="0 0 0" species="ON"/>
        </process>
        <process enabled="True" name="NO_adsorption_0009" rate_constant="p_ON*1e-19*bar/sqrt(2*pi*umass*m_ON*kboltzmann*T)">
            <condition coord_layer="default" coord_name="hollow4_6" coord_offset="0 0 0" species="empty"/>
            <action coord_layer="default" coord_name="hollow4_6" coord_offset="0 0 0" species="ON"/>
        </process>
        <process enabled="True" name="NO_adsorption_0010" rate_constant="p_ON*1e-19*bar/sqrt(2*pi*umass*m_ON*kboltzmann*T)">
            <condition coord_layer="default" coord_name="bridge_1" coord_offset="0 0 0" species="empty"/>
            <action coord_layer="default" coord_name="bridge_1" coord_offset="0 0 0" species="ON"/>
        </process>
        <process enabled="True" name="NO_adsorption_0011" rate_constant="p_ON*1e-19*bar/sqrt(2*pi*umass*m_ON*kboltzmann*T)">
            <condition coord_layer="default" coord_name="bridge_2" coord_offset="0 0 0" species="empty"/>
            <action coord_layer="default" coord_name="bridge_2" coord_offset="0 0 0" species="ON"/>
        </process>
        <process enabled="True" name="NO_desorption_0012" rate_constant="p_ON*1e-19/sqrt(2*pi*umass*m_ON*kboltzmann*T)*exp((E_ON_bridge_1)*eV/(kboltzmann*T))">
            <condition coord_layer="default" coord_name="bridge_1" coord_offset="0 0 0" species="ON"/>
            <action coord_layer="default" coord_name="bridge_1" coord_offset="0 0 0" species="empty"/>
        </process>
        <process enabled="True" name="NO_desorption_0013" rate_constant="p_ON*1e-19/sqrt(2*pi*umass*m_ON*kboltzmann*T)*exp((E_ON_bridge_2)*eV/(kboltzmann*T))">
            <condition coord_layer="default" coord_name="bridge_2" coord_offset="0 0 0" species="ON"/>
            <action coord_layer="default" coord_name="bridge_2" coord_offset="0 0 0" species="empty"/>
        </process>
        <process enabled="True" name="NO_desorption_0014" rate_constant="p_ON*1e-19/sqrt(2*pi*umass*m_ON*kboltzmann*T)*exp((E_ON_hollow4_6)*eV/(kboltzmann*T))">
            <condition coord_layer="default" coord_name="hollow4_6" coord_offset="0 0 0" species="ON"/>
            <action coord_layer="default" coord_name="hollow4_6" coord_offset="0 0 0" species="empty"/>
        </process>
        <process enabled="True" name="NO_desorption_0015" rate_constant="p_ON*1e-19/sqrt(2*pi*umass*m_ON*kboltzmann*T)*exp((E_ON_top_0)*eV/(kboltzmann*T))">
            <condition coord_layer="default" coord_name="top_0" coord_offset="0 0 0" species="ON"/>
            <action coord_layer="default" coord_name="top_0" coord_offset="0 0 0" species="empty"/>
        </process>
    </process_list>
    <output_list/>
</kmc>
