<?xml version="1.0" ?>
<kmc version="(0, 2)">
    <meta author="Onkel 3d" debug="0" email="dreiD@gmail.com" model_dimension="3" model_name="dreiD_attempt"/>
    <species_list default_species="empty">
        <species color="#000000" name="C" representation="Atoms('O',[[0.,0.,0.]])" tags=""/>
        <species color="#fff" name="empty" representation="" tags=""/>
    </species_list>
    <parameter_list>
        <parameter adjustable="False" max="0.0" min="0.0" name="lattice_size" scale="linear" value="10 10 10"/>
        <parameter adjustable="False" max="0.0" min="0.0" name="print_every" scale="linear" value="1.e5"/>
        <parameter adjustable="False" max="0.0" min="0.0" name="total_steps" scale="linear" value="1.e7"/>
    </parameter_list>
    <lattice cell_size="1.0 0.0 0.0 0.0 1.0 0.0 0.0 0.0 1.0" default_layer="default" representation="" substrate_layer="default">
        <layer color="#ffffff" name="default">
            <site default_species="default_species" pos="0.0 0.0 0.0" tags="" type="a"/>
        </layer>
    </lattice>
    <process_list>
        <process enabled="True" name="annihilation" rate_constant="10**6">
            <condition coord_layer="default" coord_name="a" coord_offset="0 0 0" species="C"/>
            <action coord_layer="default" coord_name="a" coord_offset="0 0 0" species="empty"/>
        </process>
        <process enabled="True" name="back" rate_constant="10**4">
            <condition coord_layer="default" coord_name="a" coord_offset="0 0 0" species="C"/>
            <condition coord_layer="default" coord_name="a" coord_offset="0 0 1" species="empty"/>
            <action coord_layer="default" coord_name="a" coord_offset="0 0 0" species="empty"/>
            <action coord_layer="default" coord_name="a" coord_offset="0 0 1" species="C"/>
        </process>
        <process enabled="True" name="creation" rate_constant="10**3">
            <condition coord_layer="default" coord_name="a" coord_offset="0 0 0" species="empty"/>
            <action coord_layer="default" coord_name="a" coord_offset="0 0 0" species="C"/>
        </process>
        <process enabled="True" name="down" rate_constant="10**6">
            <condition coord_layer="default" coord_name="a" coord_offset="0 0 0" species="C"/>
            <condition coord_layer="default" coord_name="a" coord_offset="0 -1 0" species="empty"/>
            <action coord_layer="default" coord_name="a" coord_offset="0 0 0" species="empty"/>
            <action coord_layer="default" coord_name="a" coord_offset="0 -1 0" species="C"/>
        </process>
        <process enabled="True" name="front" rate_constant="10**6">
            <condition coord_layer="default" coord_name="a" coord_offset="0 0 0" species="C"/>
            <condition coord_layer="default" coord_name="a" coord_offset="0 0 1" species="empty"/>
            <action coord_layer="default" coord_name="a" coord_offset="0 0 0" species="empty"/>
            <action coord_layer="default" coord_name="a" coord_offset="0 0 1" species="C"/>
        </process>
        <process enabled="True" name="left" rate_constant="10**6">
            <condition coord_layer="default" coord_name="a" coord_offset="0 0 0" species="C"/>
            <condition coord_layer="default" coord_name="a" coord_offset="1 0 0" species="empty"/>
            <action coord_layer="default" coord_name="a" coord_offset="0 0 0" species="empty"/>
            <action coord_layer="default" coord_name="a" coord_offset="1 0 0" species="C"/>
        </process>
        <process enabled="True" name="right" rate_constant="10**6">
            <condition coord_layer="default" coord_name="a" coord_offset="0 0 0" species="C"/>
            <condition coord_layer="default" coord_name="a" coord_offset="1 0 0" species="empty"/>
            <action coord_layer="default" coord_name="a" coord_offset="0 0 0" species="empty"/>
            <action coord_layer="default" coord_name="a" coord_offset="1 0 0" species="C"/>
        </process>
        <process enabled="True" name="up" rate_constant="10**6">
            <condition coord_layer="default" coord_name="a" coord_offset="0 0 0" species="C"/>
            <condition coord_layer="default" coord_name="a" coord_offset="0 1 0" species="empty"/>
            <action coord_layer="default" coord_name="a" coord_offset="0 0 0" species="empty"/>
            <action coord_layer="default" coord_name="a" coord_offset="0 1 0" species="C"/>
        </process>
    </process_list>
    <output_list/>
</kmc>
