<?xml version="1.0" ?>
<kmc version="(0, 2)">
    <meta author="Max J. Hoffmann" debug="0" email="mjhoffmann@gmail.com" model_dimension="2" model_name="dummy"/>
    <species_list default_species="empty">
        <species color="#ff0000" name="CO" representation="Atoms(symbols='CO',           pbc=np.array([False, False, False], dtype=bool),           cell=np.array(       [[ 10.,   0.,   0.],        [  0.,  10.,   0.],        [  0.,   0.,  10.]]),           positions=np.array(       [[  2.46567854e-20,  -4.00120225e-19,   7.19809738e-02],        [ -3.19940484e-18,  -7.20175257e-18,   1.12801903e+00]]))" tags=""/>
        <species color="#ff0000" name="O" representation="Atoms(symbols='O',           pbc=np.array([False, False, False], dtype=bool),           cell=np.array(       [[ 10.,   0.,   0.],        [  0.,  10.,   0.],        [  0.,   0.,  10.]]),           positions=np.array(       [[ 0.,  0.,  0.]]))" tags=""/>
        <species color="#ff0000" name="ON" representation="Atoms(symbols='NO',           pbc=np.array([False, False, False], dtype=bool),           cell=np.array(       [[ 10.,   0.,   0.],        [  0.,  10.,   0.],        [  0.,   0.,  10.]]),           positions=np.array(       [[ 0.        ,  0.        ,  0.07023786],        [ 0.        ,  0.        ,  1.12976214]]))" tags=""/>
        <species color="#ffffff" name="empty" representation="" tags=""/>
    </species_list>
    <parameter_list>
        <parameter adjustable="True" max="800.0" min="300.0" name="T" scale="linear" value="600"/>
        <parameter adjustable="False" max="0.0" min="0.0" name="m_CO" scale="linear" value="28.0104"/>
        <parameter adjustable="False" max="0.0" min="0.0" name="m_CO2" scale="linear" value="44.0098"/>
        <parameter adjustable="False" max="0.0" min="0.0" name="m_ON" scale="linear" value="30.0061"/>
        <parameter adjustable="True" max="10.0" min="0.01" name="p_CO" scale="linear" value="1.0"/>
        <parameter adjustable="True" max="10.0" min="0.01" name="p_CO2" scale="linear" value="1.0"/>
        <parameter adjustable="True" max="10.0" min="0.01" name="p_ON" scale="linear" value="1.0"/>
    </parameter_list>
    <lattice cell_size="2.75064538 0.0 0.0 0.0 2.75064538 0.0 0.0 0.0 11.945" default_layer="default" representation="[Atoms(symbols='Pd2',
          pbc=np.array([ True,  True, False], dtype=bool),
          cell=np.array(
      [[  2.75064538,   0.        ,   0.        ],
       [  0.        ,   2.75064538,   0.        ],
       [  0.        ,   0.        ,  11.945     ]]),
          scaled_positions=np.array(
      [[0.5, 0.5, 0.42340348848890746], [0.0, 0.0, 0.57659651151109248]]),
),]" substrate_layer="default">
        <layer color="#ffffff" name="default">
            <site default_species="empty" pos="0.0 0.0 0.706990372541" tags="" type="top_0"/>
            <site default_species="empty" pos="0.0 0.5 0.706990372541" tags="" type="bridge_1"/>
            <site default_species="empty" pos="0.5 0.0 0.706990372541" tags="" type="bridge_2"/>
            <site default_species="empty" pos="0.5 0.5 0.706990372541" tags="" type="hollow4_13"/>
        </layer>
    </lattice>
    <process_list>
        <process enabled="True" name="CO_adsorption_0000" rate_constant="(kboltzmann*T/h)*exp(-0.8*eV/(kboltzmann*T))">
            <condition coord_layer="default" coord_name="bridge_1" coord_offset="0 1 -1" species="empty"/>
            <action coord_layer="default" coord_name="bridge_1" coord_offset="0 1 -1" species="CO"/>
        </process>
        <process enabled="True" name="CO_adsorption_0001" rate_constant="(kboltzmann*T/h)*exp(-0.8*eV/(kboltzmann*T))">
            <condition coord_layer="default" coord_name="top_0" coord_offset="-1 -1 0" species="empty"/>
            <action coord_layer="default" coord_name="top_0" coord_offset="-1 -1 0" species="CO"/>
        </process>
        <process enabled="True" name="CO_adsorption_0002" rate_constant="(kboltzmann*T/h)*exp(-0.8*eV/(kboltzmann*T))">
            <condition coord_layer="default" coord_name="hollow4_13" coord_offset="1 -1 1" species="empty"/>
            <action coord_layer="default" coord_name="hollow4_13" coord_offset="1 -1 1" species="CO"/>
        </process>
        <process enabled="True" name="CO_desorption_0003" rate_constant="(kboltzmann*T/h)*exp(-0.8*eV/(kboltzmann*T))">
            <condition coord_layer="default" coord_name="hollow4_13" coord_offset="1 -1 1" species="CO"/>
            <action coord_layer="default" coord_name="hollow4_13" coord_offset="1 -1 1" species="empty"/>
        </process>
        <process enabled="True" name="CO_desorption_0004" rate_constant="(kboltzmann*T/h)*exp(-0.8*eV/(kboltzmann*T))">
            <condition coord_layer="default" coord_name="top_0" coord_offset="-1 1 -1" species="CO"/>
            <action coord_layer="default" coord_name="top_0" coord_offset="-1 1 -1" species="empty"/>
        </process>
        <process enabled="True" name="CO_desorption_0005" rate_constant="(kboltzmann*T/h)*exp(-0.8*eV/(kboltzmann*T))">
            <condition coord_layer="default" coord_name="bridge_1" coord_offset="-1 -1 -1" species="CO"/>
            <action coord_layer="default" coord_name="bridge_1" coord_offset="-1 -1 -1" species="empty"/>
        </process>
        <process enabled="True" name="CO_oxidation_0012" rate_constant="(kboltzmann*T/h)*exp(-0.8*eV/(kboltzmann*T))" tof_count="{'CO_Ox': 1}">
            <condition coord_layer="default" coord_name="hollow4_13" coord_offset="-1 0 1" species="CO"/>
            <condition coord_layer="default" coord_name="bridge_1" coord_offset="0 0 1" species="O"/>
            <action coord_layer="default" coord_name="hollow4_13" coord_offset="-1 0 1" species="empty"/>
            <action coord_layer="default" coord_name="bridge_1" coord_offset="0 0 1" species="empty"/>
        </process>
        <process enabled="True" name="CO_oxidation_0013" rate_constant="(kboltzmann*T/h)*exp(-0.8*eV/(kboltzmann*T))" tof_count="{'CO_Ox': 1}">
            <condition coord_layer="default" coord_name="top_0" coord_offset="0 -1 -1" species="CO"/>
            <condition coord_layer="default" coord_name="hollow4_13" coord_offset="0 -1 -1" species="O"/>
            <action coord_layer="default" coord_name="top_0" coord_offset="0 -1 -1" species="empty"/>
            <action coord_layer="default" coord_name="hollow4_13" coord_offset="0 -1 -1" species="empty"/>
        </process>
        <process enabled="True" name="CO_oxidation_0014" rate_constant="(kboltzmann*T/h)*exp(-0.8*eV/(kboltzmann*T))" tof_count="{'CO_Ox': 1}">
            <condition coord_layer="default" coord_name="top_0" coord_offset="0 -1 -1" species="CO"/>
            <condition coord_layer="default" coord_name="top_0" coord_offset="1 -1 -1" species="O"/>
            <action coord_layer="default" coord_name="top_0" coord_offset="0 -1 -1" species="empty"/>
            <action coord_layer="default" coord_name="top_0" coord_offset="1 -1 -1" species="empty"/>
        </process>
        <process enabled="True" name="CO_oxidation_0015" rate_constant="(kboltzmann*T/h)*exp(-0.8*eV/(kboltzmann*T))" tof_count="{'CO_Ox': 1}">
            <condition coord_layer="default" coord_name="bridge_1" coord_offset="1 0 -1" species="CO"/>
            <condition coord_layer="default" coord_name="hollow4_13" coord_offset="0 -1 -1" species="O"/>
            <action coord_layer="default" coord_name="bridge_1" coord_offset="1 0 -1" species="empty"/>
            <action coord_layer="default" coord_name="hollow4_13" coord_offset="0 -1 -1" species="empty"/>
        </process>
        <process enabled="True" name="CO_oxidation_0016" rate_constant="(kboltzmann*T/h)*exp(-0.8*eV/(kboltzmann*T))" tof_count="{'CO_Ox': 1}">
            <condition coord_layer="default" coord_name="bridge_1" coord_offset="1 0 -1" species="CO"/>
            <condition coord_layer="default" coord_name="top_0" coord_offset="1 -1 -1" species="O"/>
            <action coord_layer="default" coord_name="bridge_1" coord_offset="1 0 -1" species="empty"/>
            <action coord_layer="default" coord_name="top_0" coord_offset="1 -1 -1" species="empty"/>
        </process>
        <process enabled="True" name="CO_oxidation_0017" rate_constant="(kboltzmann*T/h)*exp(-0.8*eV/(kboltzmann*T))" tof_count="{'CO_Ox': 1}">
            <condition coord_layer="default" coord_name="bridge_1" coord_offset="1 0 -1" species="CO"/>
            <condition coord_layer="default" coord_name="bridge_1" coord_offset="0 0 1" species="O"/>
            <action coord_layer="default" coord_name="bridge_1" coord_offset="1 0 -1" species="empty"/>
            <action coord_layer="default" coord_name="bridge_1" coord_offset="0 0 1" species="empty"/>
        </process>
        <process enabled="True" name="CO_oxidation_0018" rate_constant="(kboltzmann*T/h)*exp(-0.8*eV/(kboltzmann*T))" tof_count="{'CO_Ox': 1}">
            <condition coord_layer="default" coord_name="hollow4_13" coord_offset="-1 0 1" species="CO"/>
            <condition coord_layer="default" coord_name="hollow4_13" coord_offset="0 -1 -1" species="O"/>
            <action coord_layer="default" coord_name="hollow4_13" coord_offset="-1 0 1" species="empty"/>
            <action coord_layer="default" coord_name="hollow4_13" coord_offset="0 -1 -1" species="empty"/>
        </process>
        <process enabled="True" name="CO_oxidation_0019" rate_constant="(kboltzmann*T/h)*exp(-0.8*eV/(kboltzmann*T))" tof_count="{'CO_Ox': 1}">
            <condition coord_layer="default" coord_name="top_0" coord_offset="0 -1 -1" species="CO"/>
            <condition coord_layer="default" coord_name="bridge_1" coord_offset="0 0 1" species="O"/>
            <action coord_layer="default" coord_name="top_0" coord_offset="0 -1 -1" species="empty"/>
            <action coord_layer="default" coord_name="bridge_1" coord_offset="0 0 1" species="empty"/>
        </process>
        <process enabled="True" name="CO_oxidation_0020" rate_constant="(kboltzmann*T/h)*exp(-0.8*eV/(kboltzmann*T))" tof_count="{'CO_Ox': 1}">
            <condition coord_layer="default" coord_name="hollow4_13" coord_offset="-1 0 1" species="CO"/>
            <condition coord_layer="default" coord_name="top_0" coord_offset="1 -1 -1" species="O"/>
            <action coord_layer="default" coord_name="hollow4_13" coord_offset="-1 0 1" species="empty"/>
            <action coord_layer="default" coord_name="top_0" coord_offset="1 -1 -1" species="empty"/>
        </process>
        <process enabled="True" name="NO_adsorption_0006" rate_constant="(kboltzmann*T/h)*exp(-0.8*eV/(kboltzmann*T))">
            <condition coord_layer="default" coord_name="bridge_1" coord_offset="0 0 -1" species="empty"/>
            <action coord_layer="default" coord_name="bridge_1" coord_offset="0 0 -1" species="ON"/>
        </process>
        <process enabled="True" name="NO_adsorption_0007" rate_constant="(kboltzmann*T/h)*exp(-0.8*eV/(kboltzmann*T))">
            <condition coord_layer="default" coord_name="top_0" coord_offset="0 0 -1" species="empty"/>
            <action coord_layer="default" coord_name="top_0" coord_offset="0 0 -1" species="ON"/>
        </process>
        <process enabled="True" name="NO_adsorption_0008" rate_constant="(kboltzmann*T/h)*exp(-0.8*eV/(kboltzmann*T))">
            <condition coord_layer="default" coord_name="hollow4_13" coord_offset="0 1 1" species="empty"/>
            <action coord_layer="default" coord_name="hollow4_13" coord_offset="0 1 1" species="ON"/>
        </process>
        <process enabled="True" name="NO_desorption_0009" rate_constant="(kboltzmann*T/h)*exp(-0.8*eV/(kboltzmann*T))">
            <condition coord_layer="default" coord_name="bridge_1" coord_offset="-1 0 1" species="ON"/>
            <action coord_layer="default" coord_name="bridge_1" coord_offset="-1 0 1" species="empty"/>
        </process>
        <process enabled="True" name="NO_desorption_0010" rate_constant="(kboltzmann*T/h)*exp(-0.8*eV/(kboltzmann*T))">
            <condition coord_layer="default" coord_name="top_0" coord_offset="1 1 1" species="ON"/>
            <action coord_layer="default" coord_name="top_0" coord_offset="1 1 1" species="empty"/>
        </process>
        <process enabled="True" name="NO_desorption_0011" rate_constant="(kboltzmann*T/h)*exp(-0.8*eV/(kboltzmann*T))">
            <condition coord_layer="default" coord_name="hollow4_13" coord_offset="0 -1 0" species="ON"/>
            <action coord_layer="default" coord_name="hollow4_13" coord_offset="0 -1 0" species="empty"/>
        </process>
    </process_list>
    <output_list/>
</kmc>
