<?xml version="1.0" ?>
<kmc version="(0, 2)">
    <meta author="Max J. Hoffmann" debug="0" email="mjhoffmann@gmail.com" model_dimension="2" model_name="ruptured_Pd"/>
    <species_list default_species="empty">
        <species color="#ff0000" name="CO" representation="Atoms(symbols='CO',           pbc=np.array([False, False, False], dtype=bool),           cell=np.array(       [[ 10.,   0.,   0.],        [  0.,  10.,   0.],        [  0.,   0.,  10.]]),           positions=np.array(       [[  2.79993974e-20,  -7.97587347e-19,   7.19809738e-02],        [ -3.91814225e-18,   2.21439140e-19,   1.12801903e+00]]))" tags=""/>
        <species color="#ff0000" name="ON" representation="Atoms(symbols='NO',           pbc=np.array([False, False, False], dtype=bool),           cell=np.array(       [[ 10.,   0.,   0.],        [  0.,  10.,   0.],        [  0.,   0.,  10.]]),           positions=np.array(       [[  0.00000000e+00,   0.00000000e+00,   7.02378583e-02],        [  2.86446771e-19,  -1.96631971e-20,   1.12976214e+00]]))" tags=""/>
        <species color="#ffffff" name="empty" representation="" tags=""/>
    </species_list>
    <parameter_list>
        <parameter adjustable="True" max="800.0" min="300.0" name="T" scale="linear" value="600"/>
        <parameter adjustable="True" max="100000.0" min="1e-10" name="p_CO" scale="linear" value="1.0"/>
        <parameter adjustable="True" max="100000.0" min="1e-10" name="p_ON" scale="linear" value="1.0"/>
    </parameter_list>
    <lattice cell_size="6.2265247 0.0 0.0 0.0 6.2265247 0.0 0.0 0.0 8.0389687" default_layer="default" representation="[Atoms(symbols='Pd8',
          pbc=np.array([ True,  True,  True], dtype=bool),
          cell=np.array(
      [[ 6.2265247,  0.       ,  0.       ],
       [ 0.       ,  6.2265247,  0.       ],
       [ 0.       ,  0.       ,  8.0389687]]),
          scaled_positions=np.array(
      [[0.001164182324692296, 1.1081623108255556e-05, 0.21311026500202693], [0.19530675434404046, 0.39552114360037799, 0.21343501188156136], [0.80412771830809571, 0.60532783400024115, 0.21337954954346322], [0.8999999630612564, 0.29999993415267434, 0.0], [0.69999995342506249, 0.8999999630612564, 0.0], [0.49999994378886836, 0.49999994378886836, 0.0], [0.29999993415267434, 0.099999924516480279, 0.0], [0.099999924516480279, 0.69999995342506249, 0.0]]),
),]" substrate_layer="default">
        <layer color="#ffffff" name="default">
            <site default_species="empty" pos="0.100880512046 0.199453500923 0.418384636825" tags="" type="site_0"/>
            <site default_species="empty" pos="0.00430802113417 0.998367998123 0.418459148871" tags="" type="site_1"/>
            <site default_species="empty" pos="0.100880512046 0.699453500923 0.418384636825" tags="" type="site_2"/>
            <site default_species="empty" pos="0.197453002957 0.400539003724 0.41831012478" tags="" type="site_3"/>
            <site default_species="empty" pos="0.801722026414 0.603188003093 0.418112089428" tags="" type="site_4"/>
            <site default_species="empty" pos="0.903015023774 0.800778000608 0.418285619149" tags="" type="site_5"/>
            <site default_species="empty" pos="0.999587514685 0.501863503408 0.418211107104" tags="" type="site_6"/>
        </layer>
    </lattice>
    <process_list>
        <process enabled="True" name="adsorption_CO_0" rate_constant="1.e6">
            <condition coord_layer="default" coord_name="site_0" coord_offset="0 0 0" species="empty"/>
            <action coord_layer="default" coord_name="site_0" coord_offset="0 0 0" species="CO"/>
        </process>
        <process enabled="True" name="adsorption_CO_1" rate_constant="1.e6">
            <condition coord_layer="default" coord_name="site_1" coord_offset="0 0 0" species="empty"/>
            <action coord_layer="default" coord_name="site_1" coord_offset="0 0 0" species="CO"/>
        </process>
        <process enabled="True" name="adsorption_CO_2" rate_constant="1.e6">
            <condition coord_layer="default" coord_name="site_2" coord_offset="0 0 0" species="empty"/>
            <action coord_layer="default" coord_name="site_2" coord_offset="0 0 0" species="CO"/>
        </process>
        <process enabled="True" name="adsorption_CO_3" rate_constant="1.e6">
            <condition coord_layer="default" coord_name="site_3" coord_offset="0 0 0" species="empty"/>
            <action coord_layer="default" coord_name="site_3" coord_offset="0 0 0" species="CO"/>
        </process>
        <process enabled="True" name="adsorption_CO_4" rate_constant="1.e6">
            <condition coord_layer="default" coord_name="site_4" coord_offset="0 0 0" species="empty"/>
            <action coord_layer="default" coord_name="site_4" coord_offset="0 0 0" species="CO"/>
        </process>
        <process enabled="True" name="adsorption_CO_5" rate_constant="1.e6">
            <condition coord_layer="default" coord_name="site_5" coord_offset="0 0 0" species="empty"/>
            <action coord_layer="default" coord_name="site_5" coord_offset="0 0 0" species="CO"/>
        </process>
        <process enabled="True" name="adsorption_CO_6" rate_constant="1.e6">
            <condition coord_layer="default" coord_name="site_6" coord_offset="0 0 0" species="empty"/>
            <action coord_layer="default" coord_name="site_6" coord_offset="0 0 0" species="CO"/>
        </process>
        <process enabled="True" name="adsorption_ON_0" rate_constant="1.e6">
            <condition coord_layer="default" coord_name="site_0" coord_offset="0 0 0" species="empty"/>
            <action coord_layer="default" coord_name="site_0" coord_offset="0 0 0" species="ON"/>
        </process>
        <process enabled="True" name="adsorption_ON_1" rate_constant="1.e6">
            <condition coord_layer="default" coord_name="site_1" coord_offset="0 0 0" species="empty"/>
            <action coord_layer="default" coord_name="site_1" coord_offset="0 0 0" species="ON"/>
        </process>
        <process enabled="True" name="adsorption_ON_2" rate_constant="1.e6">
            <condition coord_layer="default" coord_name="site_2" coord_offset="0 0 0" species="empty"/>
            <action coord_layer="default" coord_name="site_2" coord_offset="0 0 0" species="ON"/>
        </process>
        <process enabled="True" name="adsorption_ON_3" rate_constant="1.e6">
            <condition coord_layer="default" coord_name="site_3" coord_offset="0 0 0" species="empty"/>
            <action coord_layer="default" coord_name="site_3" coord_offset="0 0 0" species="ON"/>
        </process>
        <process enabled="True" name="adsorption_ON_4" rate_constant="1.e6">
            <condition coord_layer="default" coord_name="site_4" coord_offset="0 0 0" species="empty"/>
            <action coord_layer="default" coord_name="site_4" coord_offset="0 0 0" species="ON"/>
        </process>
        <process enabled="True" name="adsorption_ON_5" rate_constant="1.e6">
            <condition coord_layer="default" coord_name="site_5" coord_offset="0 0 0" species="empty"/>
            <action coord_layer="default" coord_name="site_5" coord_offset="0 0 0" species="ON"/>
        </process>
        <process enabled="True" name="adsorption_ON_6" rate_constant="1.e6">
            <condition coord_layer="default" coord_name="site_6" coord_offset="0 0 0" species="empty"/>
            <action coord_layer="default" coord_name="site_6" coord_offset="0 0 0" species="ON"/>
        </process>
        <process enabled="True" name="desorption_CO_0" rate_constant="1.e6">
            <condition coord_layer="default" coord_name="site_0" coord_offset="0 0 0" species="CO"/>
            <action coord_layer="default" coord_name="site_0" coord_offset="0 0 0" species="empty"/>
        </process>
        <process enabled="True" name="desorption_CO_1" rate_constant="1.e6">
            <condition coord_layer="default" coord_name="site_1" coord_offset="0 0 0" species="CO"/>
            <action coord_layer="default" coord_name="site_1" coord_offset="0 0 0" species="empty"/>
        </process>
        <process enabled="True" name="desorption_CO_2" rate_constant="1.e6">
            <condition coord_layer="default" coord_name="site_2" coord_offset="0 0 0" species="CO"/>
            <action coord_layer="default" coord_name="site_2" coord_offset="0 0 0" species="empty"/>
        </process>
        <process enabled="True" name="desorption_CO_3" rate_constant="1.e6">
            <condition coord_layer="default" coord_name="site_3" coord_offset="0 0 0" species="CO"/>
            <action coord_layer="default" coord_name="site_3" coord_offset="0 0 0" species="empty"/>
        </process>
        <process enabled="True" name="desorption_CO_4" rate_constant="1.e6">
            <condition coord_layer="default" coord_name="site_4" coord_offset="0 0 0" species="CO"/>
            <action coord_layer="default" coord_name="site_4" coord_offset="0 0 0" species="empty"/>
        </process>
        <process enabled="True" name="desorption_CO_5" rate_constant="1.e6">
            <condition coord_layer="default" coord_name="site_5" coord_offset="0 0 0" species="CO"/>
            <action coord_layer="default" coord_name="site_5" coord_offset="0 0 0" species="empty"/>
        </process>
        <process enabled="True" name="desorption_CO_6" rate_constant="1.e6">
            <condition coord_layer="default" coord_name="site_6" coord_offset="0 0 0" species="CO"/>
            <action coord_layer="default" coord_name="site_6" coord_offset="0 0 0" species="empty"/>
        </process>
        <process enabled="True" name="desorption_ON_0" rate_constant="1.e6">
            <condition coord_layer="default" coord_name="site_0" coord_offset="0 0 0" species="ON"/>
            <action coord_layer="default" coord_name="site_0" coord_offset="0 0 0" species="empty"/>
        </process>
        <process enabled="True" name="desorption_ON_1" rate_constant="1.e6">
            <condition coord_layer="default" coord_name="site_1" coord_offset="0 0 0" species="ON"/>
            <action coord_layer="default" coord_name="site_1" coord_offset="0 0 0" species="empty"/>
        </process>
        <process enabled="True" name="desorption_ON_2" rate_constant="1.e6">
            <condition coord_layer="default" coord_name="site_2" coord_offset="0 0 0" species="ON"/>
            <action coord_layer="default" coord_name="site_2" coord_offset="0 0 0" species="empty"/>
        </process>
        <process enabled="True" name="desorption_ON_3" rate_constant="1.e6">
            <condition coord_layer="default" coord_name="site_3" coord_offset="0 0 0" species="ON"/>
            <action coord_layer="default" coord_name="site_3" coord_offset="0 0 0" species="empty"/>
        </process>
        <process enabled="True" name="desorption_ON_4" rate_constant="1.e6">
            <condition coord_layer="default" coord_name="site_4" coord_offset="0 0 0" species="ON"/>
            <action coord_layer="default" coord_name="site_4" coord_offset="0 0 0" species="empty"/>
        </process>
        <process enabled="True" name="desorption_ON_5" rate_constant="1.e6">
            <condition coord_layer="default" coord_name="site_5" coord_offset="0 0 0" species="ON"/>
            <action coord_layer="default" coord_name="site_5" coord_offset="0 0 0" species="empty"/>
        </process>
        <process enabled="True" name="desorption_ON_6" rate_constant="1.e6">
            <condition coord_layer="default" coord_name="site_6" coord_offset="0 0 0" species="ON"/>
            <action coord_layer="default" coord_name="site_6" coord_offset="0 0 0" species="empty"/>
        </process>
    </process_list>
    <output_list/>
</kmc>
