<?xml version="1.0" ?>
<kmc version="(0, 2)">
    <meta author="Klein Fritzchen" debug="0" email="fritz@tum.de" model_dimension="2" model_name="FritzModell"/>
    <species_list default_species="empty">
        <species color="#000000" name="CO" representation="Atoms('CO',[[0,0,0],[0,0,1.2]])" tags=""/>
        <species color="#ff0000" name="O" representation="Atoms('O',[[0,0,0]])" tags=""/>
        <species color="#fff" name="empty" representation="" tags=""/>
    </species_list>
    <parameter_list>
        <parameter adjustable="False" max="0.0" min="0.0" name="lattice_size" scale="linear" value="40 40 1"/>
        <parameter adjustable="False" max="0.0" min="0.0" name="print_every" scale="linear" value="1.e5"/>
        <parameter adjustable="False" max="0.0" min="0.0" name="total_steps" scale="linear" value="1.e7"/>
    </parameter_list>
    <lattice cell_size="2.5 0.0 0.0 0.0 2.5 0.0 0.0 0.0 2.5" default_layer="default" representation="" substrate_layer="default">
        <layer color="#ffffff" name="default">
            <site default_species="default_species" pos="0.0 0.0 0.0" tags="" type="a"/>
        </layer>
    </lattice>
    <process_list>
        <process enabled="True" name="CO_adsorption" rate_constant="10**8">
            <condition coord_layer="default" coord_name="a" coord_offset="0 0 0" species="empty"/>
            <action coord_layer="default" coord_name="a" coord_offset="0 0 0" species="CO"/>
        </process>
        <process enabled="True" name="CO_desorption" rate_constant="10**7">
            <condition coord_layer="default" coord_name="a" coord_offset="0 0 0" species="CO"/>
            <action coord_layer="default" coord_name="a" coord_offset="0 0 0" species="empty"/>
        </process>
        <process enabled="True" name="CO_diff_down" rate_constant="10**6">
            <condition coord_layer="default" coord_name="a" coord_offset="0 0 0" species="CO"/>
            <condition coord_layer="default" coord_name="a" coord_offset="0 -1 0" species="empty"/>
            <action coord_layer="default" coord_name="a" coord_offset="0 -1 0" species="CO"/>
            <action coord_layer="default" coord_name="a" coord_offset="0 0 0" species="empty"/>
        </process>
        <process enabled="True" name="CO_diff_left" rate_constant="10**6">
            <condition coord_layer="default" coord_name="a" coord_offset="0 0 0" species="CO"/>
            <condition coord_layer="default" coord_name="a" coord_offset="-1 0 0" species="empty"/>
            <action coord_layer="default" coord_name="a" coord_offset="-1 0 0" species="CO"/>
            <action coord_layer="default" coord_name="a" coord_offset="0 0 0" species="empty"/>
        </process>
        <process enabled="True" name="CO_diff_right" rate_constant="10**6">
            <condition coord_layer="default" coord_name="a" coord_offset="0 0 0" species="CO"/>
            <condition coord_layer="default" coord_name="a" coord_offset="1 0 0" species="empty"/>
            <action coord_layer="default" coord_name="a" coord_offset="1 0 0" species="CO"/>
            <action coord_layer="default" coord_name="a" coord_offset="0 0 0" species="empty"/>
        </process>
        <process enabled="True" name="CO_diff_up" rate_constant="10**6">
            <condition coord_layer="default" coord_name="a" coord_offset="0 0 0" species="CO"/>
            <condition coord_layer="default" coord_name="a" coord_offset="0 1 0" species="empty"/>
            <action coord_layer="default" coord_name="a" coord_offset="0 1 0" species="CO"/>
            <action coord_layer="default" coord_name="a" coord_offset="0 0 0" species="empty"/>
        </process>
        <process enabled="True" name="O2ads_right" rate_constant=" 10**6">
            <condition coord_layer="default" coord_name="a" coord_offset="0 0 0" species="empty"/>
            <condition coord_layer="default" coord_name="a" coord_offset="1 0 0" species="empty"/>
            <action coord_layer="default" coord_name="a" coord_offset="0 0 0" species="O"/>
            <action coord_layer="default" coord_name="a" coord_offset="1 0 0" species="O"/>
        </process>
        <process enabled="True" name="O2ads_up" rate_constant=" 10**6">
            <condition coord_layer="default" coord_name="a" coord_offset="0 0 0" species="empty"/>
            <condition coord_layer="default" coord_name="a" coord_offset="0 1 0" species="empty"/>
            <action coord_layer="default" coord_name="a" coord_offset="0 0 0" species="O"/>
            <action coord_layer="default" coord_name="a" coord_offset="0 1 0" species="O"/>
        </process>
        <process enabled="True" name="O2des_right" rate_constant=" 10**6">
            <condition coord_layer="default" coord_name="a" coord_offset="0 0 0" species="O"/>
            <condition coord_layer="default" coord_name="a" coord_offset="1 0 0" species="O"/>
            <action coord_layer="default" coord_name="a" coord_offset="0 0 0" species="empty"/>
            <action coord_layer="default" coord_name="a" coord_offset="1 0 0" species="empty"/>
        </process>
        <process enabled="True" name="O2des_up" rate_constant=" 10**6">
            <condition coord_layer="default" coord_name="a" coord_offset="0 0 0" species="O"/>
            <condition coord_layer="default" coord_name="a" coord_offset="0 1 0" species="O"/>
            <action coord_layer="default" coord_name="a" coord_offset="0 0 0" species="empty"/>
            <action coord_layer="default" coord_name="a" coord_offset="0 1 0" species="empty"/>
        </process>
        <process enabled="True" name="O_diff_down" rate_constant="10**10">
            <condition coord_layer="default" coord_name="a" coord_offset="0 0 0" species="O"/>
            <condition coord_layer="default" coord_name="a" coord_offset="0 -1 0" species="empty"/>
            <action coord_layer="default" coord_name="a" coord_offset="0 -1 0" species="O"/>
            <action coord_layer="default" coord_name="a" coord_offset="0 0 0" species="empty"/>
        </process>
        <process enabled="True" name="O_diff_left" rate_constant="10**10">
            <condition coord_layer="default" coord_name="a" coord_offset="0 0 0" species="O"/>
            <condition coord_layer="default" coord_name="a" coord_offset="-1 0 0" species="empty"/>
            <action coord_layer="default" coord_name="a" coord_offset="-1 0 0" species="O"/>
            <action coord_layer="default" coord_name="a" coord_offset="0 0 0" species="empty"/>
        </process>
        <process enabled="True" name="O_diff_right" rate_constant="10**10">
            <condition coord_layer="default" coord_name="a" coord_offset="0 0 0" species="O"/>
            <condition coord_layer="default" coord_name="a" coord_offset="1 0 0" species="empty"/>
            <action coord_layer="default" coord_name="a" coord_offset="1 0 0" species="O"/>
            <action coord_layer="default" coord_name="a" coord_offset="0 0 0" species="empty"/>
        </process>
        <process enabled="True" name="O_diff_up" rate_constant="10**10">
            <condition coord_layer="default" coord_name="a" coord_offset="0 0 0" species="O"/>
            <condition coord_layer="default" coord_name="a" coord_offset="0 1 0" species="empty"/>
            <action coord_layer="default" coord_name="a" coord_offset="0 1 0" species="O"/>
            <action coord_layer="default" coord_name="a" coord_offset="0 0 0" species="empty"/>
        </process>
        <process enabled="True" name="Reaction_down" rate_constant="10**10">
            <condition coord_layer="default" coord_name="a" coord_offset="0 0 0" species="O"/>
            <condition coord_layer="default" coord_name="a" coord_offset="0 -1 0" species="CO"/>
            <action coord_layer="default" coord_name="a" coord_offset="0 0 0" species="empty"/>
            <action coord_layer="default" coord_name="a" coord_offset="0 -1 0" species="empty"/>
        </process>
        <process enabled="True" name="Reaction_left" rate_constant="10**10">
            <condition coord_layer="default" coord_name="a" coord_offset="0 0 0" species="O"/>
            <condition coord_layer="default" coord_name="a" coord_offset="-1 0 0" species="CO"/>
            <action coord_layer="default" coord_name="a" coord_offset="0 0 0" species="empty"/>
            <action coord_layer="default" coord_name="a" coord_offset="-1 0 0" species="empty"/>
        </process>
        <process enabled="True" name="Reaction_right" rate_constant="10**10">
            <condition coord_layer="default" coord_name="a" coord_offset="0 0 0" species="O"/>
            <condition coord_layer="default" coord_name="a" coord_offset="1 0 0" species="CO"/>
            <action coord_layer="default" coord_name="a" coord_offset="0 0 0" species="empty"/>
            <action coord_layer="default" coord_name="a" coord_offset="1 0 0" species="empty"/>
        </process>
        <process enabled="True" name="Reaction_up" rate_constant="10**10">
            <condition coord_layer="default" coord_name="a" coord_offset="0 0 0" species="O"/>
            <condition coord_layer="default" coord_name="a" coord_offset="0 1 0" species="CO"/>
            <action coord_layer="default" coord_name="a" coord_offset="0 0 0" species="empty"/>
            <action coord_layer="default" coord_name="a" coord_offset="0 1 0" species="empty"/>
        </process>
    </process_list>
    <output_list/>
</kmc>
